{"cameraMode":{"drawMode":0,"name":"Shaded","section":"Shading Mode"},"sceneLighting":true,"audioPlay":false,"sceneViewState":{"showFog":true,"showMaterialUpdate":false,"showSkybox":true,"showFlares":true,"showImageEffects":true,"showParticleSystems":true},"in2DMode":false,"pivot":{"x":-2.935298442840576,"y":4.737442493438721,"z":4.113257884979248},"rotation":{"x":-0.17302221059799195,"y":0.4802592992782593,"z":-0.09725844115018845,"w":-0.8543795943260193},"size":20.025653839111329,"orthographic":false}